"Start Year","Genre","Movies"
1896,"Documentary",1
1897,"Documentary",1
1897,"News",1
1897,"Sport",1
1898,"Documentary",1
1898,"Sci-Fi",1
1899,"Documentary",2
1899,"News",2
1899,"Sport",2
1900,"Documentary",2
1900,"News",1
1901,"Documentary",1
1901,"Sport",1
1902,"Documentary",1
1903,"Documentary",1
1904,"Documentary",1
1905,"Documentary",1
1905,"Fantasy",1
1905,"Music",1
1906,"Action",1
1906,"Adventure",1
1906,"Biography",1
1906,"Comedy",1
1906,"Musical",1
1906,"News",1
1906,"Sport",1
1907,"Drama",3
1908,"Adventure",1
1908,"Drama",1
1908,"Fantasy",1
1908,"Sport",1
1909,"Comedy",3
1909,"Documentary",1
1909,"Drama",2
1909,"History",1
1909,"Musical",1
1909,"Sport",1
1909,"War",1
1910,"Adventure",1
1910,"Biography",1
1910,"Comedy",1
1910,"Crime",1
1910,"Documentary",2
1910,"Drama",8
1910,"Family",1
1910,"Fantasy",2
1910,"History",3
1910,"Horror",1
1910,"Romance",1
1910,"Sport",2
1911,"Action",1
1911,"Adventure",2
1911,"Biography",1
1911,"Crime",1
1911,"Drama",18
1911,"Fantasy",1
1911,"History",2
1911,"Romance",2
1911,"Sci-Fi",1
1911,"Thriller",1
1911,"War",3
1911,"Western",1
1912,"Action",1
1912,"Adventure",4
1912,"Animation",1
1912,"Biography",1
1912,"Crime",2
1912,"Documentary",3
1912,"Drama",14
1912,"Family",1
1912,"Fantasy",1
1912,"History",2
1912,"Horror",1
1912,"Mystery",1
1912,"Romance",1
1912,"Thriller",1
1912,"War",2
1913,"Action",4
1913,"Adventure",8
1913,"Biography",3
1913,"Comedy",5
1913,"Crime",9
1913,"Documentary",3
1913,"Drama",28
1913,"Fantasy",1
1913,"History",4
1913,"Music",1
1913,"Mystery",2
1913,"Romance",3
1913,"Sci-Fi",1
1913,"Thriller",2
1913,"Western",1
1914,"Action",4
1914,"Adult",1
1914,"Adventure",29
1914,"Biography",3
1914,"Comedy",10
1914,"Crime",3
1914,"Documentary",4
1914,"Drama",50
1914,"Family",1
1914,"History",8
1914,"Horror",2
1914,"Mystery",4
1914,"Romance",4
1914,"Thriller",1
1914,"War",3
1914,"Western",3
1915,"Action",9
1915,"Adventure",39
1915,"Biography",2
1915,"Comedy",16
1915,"Crime",12
1915,"Documentary",7
1915,"Drama",61
1915,"Fantasy",1
1915,"History",4
1915,"Horror",4
1915,"Mystery",5
1915,"Romance",9
1915,"Sci-Fi",1
1915,"Sport",1
1915,"Thriller",4
1915,"War",6
1915,"Western",3
1916,"Action",17
1916,"Adventure",22
1916,"Biography",3
1916,"Comedy",24
1916,"Crime",17
1916,"Documentary",4
1916,"Drama",96
1916,"Fantasy",2
1916,"History",7
1916,"Horror",8
1916,"Mystery",10
1916,"Romance",18
1916,"Sci-Fi",4
1916,"Sport",2
1916,"Thriller",2
1916,"War",3
1916,"Western",6
1917,"Action",11
1917,"Adventure",38
1917,"Animation",1
1917,"Biography",3
1917,"Comedy",31
1917,"Crime",7
1917,"Documentary",3
1917,"Drama",86
1917,"Family",3
1917,"Fantasy",4
1917,"History",4
1917,"Horror",8
1917,"Mystery",2
1917,"Romance",13
1917,"Sci-Fi",1
1917,"Sport",1
1917,"Thriller",1
1917,"War",12
1917,"Western",17
1918,"Action",12
1918,"Adventure",40
1918,"Animation",2
1918,"Biography",1
1918,"Comedy",37
1918,"Crime",6
1918,"Documentary",4
1918,"Drama",84
1918,"Family",2
1918,"Fantasy",5
1918,"History",4
1918,"Horror",2
1918,"Mystery",3
1918,"Romance",31
1918,"Sci-Fi",2
1918,"Thriller",3
1918,"War",12
1918,"Western",13
1919,"Action",19
1919,"Adventure",59
1919,"Animation",1
1919,"Biography",1
1919,"Comedy",28
1919,"Crime",18
1919,"Documentary",3
1919,"Drama",83
1919,"Fantasy",2
1919,"History",5
1919,"Horror",5
1919,"Mystery",7
1919,"Romance",21
1919,"Sci-Fi",2
1919,"Sport",2
1919,"Thriller",3
1919,"War",2
1919,"Western",18
1920,"Action",20
1920,"Adult",1
1920,"Adventure",77
1920,"Animation",2
1920,"Biography",3
1920,"Comedy",35
1920,"Crime",19
1920,"Documentary",6
1920,"Drama",118
1920,"Fantasy",5
1920,"History",3
1920,"Horror",12
1920,"Musical",1
1920,"Mystery",8
1920,"News",1
1920,"Romance",26
1920,"Sci-Fi",3
1920,"Sport",1
1920,"Thriller",1
1920,"War",3
1920,"Western",17
1921,"Action",14
1921,"Adventure",62
1921,"Biography",1
1921,"Comedy",30
1921,"Crime",13
1921,"Documentary",5
1921,"Drama",83
1921,"Family",1
1921,"Fantasy",7
1921,"History",6
1921,"Horror",4
1921,"Mystery",4
1921,"Romance",22
1921,"Sci-Fi",4
1921,"Thriller",2
1921,"War",2
1921,"Western",11
1922,"Action",20
1922,"Adventure",50
1922,"Animation",1
1922,"Comedy",20
1922,"Crime",8
1922,"Documentary",3
1922,"Drama",76
1922,"Family",2
1922,"Fantasy",3
1922,"History",6
1922,"Horror",3
1922,"Mystery",5
1922,"Romance",31
1922,"Sci-Fi",1
1922,"Sport",2
1922,"Thriller",3
1922,"War",1
1922,"Western",8
1923,"Action",19
1923,"Adventure",54
1923,"Animation",1
1923,"Biography",4
1923,"Comedy",26
1923,"Crime",10
1923,"Drama",102
1923,"Family",3
1923,"Fantasy",9
1923,"History",5
1923,"Horror",3
1923,"Mystery",5
1923,"Romance",29
1923,"Sci-Fi",1
1923,"Thriller",5
1923,"War",2
1923,"Western",11
1924,"Action",26
1924,"Adventure",39
1924,"Biography",1
1924,"Comedy",36
1924,"Crime",12
1924,"Documentary",6
1924,"Drama",93
1924,"Family",2
1924,"Fantasy",3
1924,"History",8
1924,"Horror",2
1924,"Mystery",4
1924,"Romance",30
1924,"Sci-Fi",1
1924,"War",2
1924,"Western",18
1925,"Action",45
1925,"Adventure",70
1925,"Animation",1
1925,"Biography",2
1925,"Comedy",50
1925,"Crime",13
1925,"Documentary",9
1925,"Drama",125
1925,"Family",1
1925,"Fantasy",3
1925,"History",2
1925,"Horror",3
1925,"Mystery",3
1925,"Romance",56
1925,"Sci-Fi",4
1925,"Sport",5
1925,"Thriller",2
1925,"War",2
1925,"Western",26
1926,"Action",66
1926,"Adventure",89
1926,"Animation",3
1926,"Biography",2
1926,"Comedy",79
1926,"Crime",18
1926,"Documentary",11
1926,"Drama",123
1926,"Family",3
1926,"Fantasy",5
1926,"History",9
1926,"Horror",5
1926,"Music",1
1926,"Mystery",3
1926,"Romance",76
1926,"Short",1
1926,"Sport",1
1926,"Thriller",4
1926,"War",8
1926,"Western",34
1927,"Action",39
1927,"Adventure",56
1927,"Animation",2
1927,"Biography",1
1927,"Comedy",72
1927,"Crime",16
1927,"Documentary",9
1927,"Drama",147
1927,"Family",1
1927,"Fantasy",3
1927,"History",7
1927,"Horror",3
1927,"Musical",1
1927,"Mystery",4
1927,"Romance",61
1927,"Sport",7
1927,"Thriller",3
1927,"War",13
1927,"Western",22
1928,"Action",46
1928,"Adventure",63
1928,"Animation",1
1928,"Biography",4
1928,"Comedy",54
1928,"Crime",15
1928,"Documentary",13
1928,"Drama",173
1928,"Family",2
1928,"Fantasy",1
1928,"Film-Noir",1
1928,"History",15
1928,"Horror",1
1928,"Music",2
1928,"Musical",2
1928,"Mystery",7
1928,"Romance",65
1928,"Short",1
1928,"Sport",5
1928,"Thriller",5
1928,"War",14
1928,"Western",15
1929,"Action",30
1929,"Adventure",56
1929,"Biography",1
1929,"Comedy",70
1929,"Crime",23
1929,"Documentary",10
1929,"Drama",167
1929,"Fantasy",1
1929,"History",6
1929,"Horror",4
1929,"Music",11
1929,"Musical",31
1929,"Mystery",18
1929,"Romance",70
1929,"Sci-Fi",2
1929,"Sport",3
1929,"Thriller",11
1929,"War",5
1929,"Western",15
1930,"Action",46
1930,"Adventure",55
1930,"Animation",2
1930,"Biography",2
1930,"Comedy",129
1930,"Crime",33
1930,"Documentary",9
1930,"Drama",170
1930,"Family",3
1930,"Fantasy",5
1930,"History",9
1930,"Horror",1
1930,"Music",24
1930,"Musical",60
1930,"Mystery",11
1930,"Romance",133
1930,"Sport",3
1930,"Thriller",5
1930,"War",9
1930,"Western",12
1931,"Action",51
1931,"Adventure",51
1931,"Animation",3
1931,"Biography",5
1931,"Comedy",140
1931,"Crime",72
1931,"Documentary",7
1931,"Drama",238
1931,"Family",1
1931,"Fantasy",1
1931,"Film-Noir",1
1931,"History",3
1931,"Horror",4
1931,"Music",3
1931,"Musical",32
1931,"Mystery",16
1931,"Romance",110
1931,"Sci-Fi",1
1931,"Sport",4
1931,"Thriller",5
1931,"War",15
1931,"Western",38
1932,"Action",64
1932,"Adventure",62
1932,"Animation",2
1932,"Biography",3
1932,"Comedy",166
1932,"Crime",73
1932,"Documentary",17
1932,"Drama",270
1932,"Family",4
1932,"Fantasy",2
1932,"Film-Noir",4
1932,"History",9
1932,"Horror",8
1932,"Music",6
1932,"Musical",33
1932,"Mystery",40
1932,"Romance",118
1932,"Sci-Fi",5
1932,"Short",1
1932,"Sport",15
1932,"Thriller",8
1932,"War",11
1932,"Western",38
1933,"Action",54
1933,"Adventure",55
1933,"Animation",1
1933,"Biography",5
1933,"Comedy",188
1933,"Crime",71
1933,"Documentary",8
1933,"Drama",252
1933,"Family",2
1933,"Fantasy",6
1933,"History",9
1933,"Horror",8
1933,"Music",19
1933,"Musical",45
1933,"Mystery",32
1933,"Romance",127
1933,"Sci-Fi",5
1933,"Sport",4
1933,"Thriller",9
1933,"War",16
1933,"Western",28
1934,"Action",60
1934,"Adventure",82
1934,"Animation",1
1934,"Biography",8
1934,"Comedy",224
1934,"Crime",69
1934,"Documentary",12
1934,"Drama",267
1934,"Family",1
1934,"Fantasy",3
1934,"History",17
1934,"Horror",6
1934,"Music",23
1934,"Musical",57
1934,"Mystery",51
1934,"Romance",161
1934,"Sci-Fi",4
1934,"Sport",6
1934,"Thriller",8
1934,"War",10
1934,"Western",25
1935,"Action",100
1935,"Adventure",90
1935,"Animation",2
1935,"Biography",8
1935,"Comedy",253
1935,"Crime",87
1935,"Documentary",14
1935,"Drama",311
1935,"Family",10
1935,"Fantasy",11
1935,"Film-Noir",1
1935,"History",16
1935,"Horror",13
1935,"Music",31
1935,"Musical",68
1935,"Mystery",51
1935,"News",3
1935,"Romance",187
1935,"Sci-Fi",4
1935,"Sport",3
1935,"Thriller",11
1935,"War",14
1935,"Western",82
1936,"Action",103
1936,"Adventure",92
1936,"Animation",2
1936,"Biography",10
1936,"Comedy",249
1936,"Crime",110
1936,"Documentary",9
1936,"Drama",302
1936,"Family",15
1936,"Fantasy",6
1936,"Film-Noir",3
1936,"History",22
1936,"Horror",11
1936,"Music",33
1936,"Musical",63
1936,"Mystery",48
1936,"Romance",181
1936,"Sci-Fi",6
1936,"Short",1
1936,"Sport",8
1936,"Thriller",10
1936,"War",13
1936,"Western",68
1937,"Action",114
1937,"Adventure",98
1937,"Animation",1
1937,"Biography",7
1937,"Comedy",281
1937,"Crime",109
1937,"Documentary",9
1937,"Drama",316
1937,"Family",11
1937,"Fantasy",4
1937,"Film-Noir",6
1937,"History",24
1937,"Horror",2
1937,"Music",55
1937,"Musical",65
1937,"Mystery",35
1937,"Romance",202
1937,"Sci-Fi",4
1937,"Sport",13
1937,"Thriller",13
1937,"War",21
1937,"Western",67
1938,"Action",107
1938,"Adventure",128
1938,"Animation",1
1938,"Biography",11
1938,"Comedy",284
1938,"Crime",120
1938,"Documentary",9
1938,"Drama",360
1938,"Family",14
1938,"Fantasy",3
1938,"Film-Noir",1
1938,"History",19
1938,"Horror",5
1938,"Music",49
1938,"Musical",61
1938,"Mystery",49
1938,"Romance",181
1938,"Sci-Fi",7
1938,"Short",1
1938,"Sport",16
1938,"Thriller",10
1938,"War",36
1938,"Western",46
1939,"Action",114
1939,"Adventure",112
1939,"Biography",16
1939,"Comedy",247
1939,"Crime",126
1939,"Documentary",11
1939,"Drama",358
1939,"Family",14
1939,"Fantasy",3
1939,"Film-Noir",8
1939,"History",23
1939,"Horror",6
1939,"Music",49
1939,"Musical",44
1939,"Mystery",43
1939,"Romance",130
1939,"Sci-Fi",4
1939,"Sport",8
1939,"Thriller",16
1939,"War",39
1939,"Western",63
1940,"Action",75
1940,"Adventure",112
1940,"Animation",2
1940,"Biography",20
1940,"Comedy",277
1940,"Crime",84
1940,"Documentary",17
1940,"Drama",300
1940,"Family",16
1940,"Fantasy",7
1940,"Film-Noir",4
1940,"History",19
1940,"Horror",13
1940,"Music",38
1940,"Musical",47
1940,"Mystery",36
1940,"Romance",114
1940,"Sci-Fi",6
1940,"Sport",8
1940,"Thriller",11
1940,"War",28
1940,"Western",72
1941,"Action",79
1941,"Adventure",95
1941,"Animation",4
1941,"Biography",12
1941,"Comedy",307
1941,"Crime",79
1941,"Documentary",12
1941,"Drama",295
1941,"Family",16
1941,"Fantasy",11
1941,"Film-Noir",8
1941,"History",20
1941,"Horror",10
1941,"Music",44
1941,"Musical",62
1941,"Mystery",45
1941,"Romance",129
1941,"Sci-Fi",3
1941,"Short",1
1941,"Sport",7
1941,"Thriller",15
1941,"War",49
1941,"Western",86
1942,"Action",84
1942,"Adventure",97
1942,"Biography",14
1942,"Comedy",286
1942,"Crime",90
1942,"Documentary",16
1942,"Drama",351
1942,"Family",15
1942,"Fantasy",7
1942,"Film-Noir",10
1942,"History",22
1942,"Horror",14
1942,"Music",44
1942,"Musical",42
1942,"Mystery",52
1942,"Romance",131
1942,"Sci-Fi",4
1942,"Sport",7
1942,"Thriller",33
1942,"War",86
1942,"Western",81
1943,"Action",65
1943,"Adventure",77
1943,"Animation",2
1943,"Biography",10
1943,"Comedy",264
1943,"Crime",54
1943,"Documentary",21
1943,"Drama",309
1943,"Family",14
1943,"Fantasy",8
1943,"Film-Noir",4
1943,"History",20
1943,"Horror",16
1943,"Music",58
1943,"Musical",52
1943,"Mystery",41
1943,"Romance",112
1943,"Sci-Fi",4
1943,"Sport",3
1943,"Thriller",27
1943,"War",109
1943,"Western",72
1944,"Action",52
1944,"Adventure",60
1944,"Animation",2
1944,"Biography",15
1944,"Comedy",207
1944,"Crime",55
1944,"Documentary",17
1944,"Drama",271
1944,"Family",12
1944,"Fantasy",10
1944,"Film-Noir",15
1944,"History",22
1944,"Horror",17
1944,"Music",58
1944,"Musical",57
1944,"Mystery",38
1944,"Romance",116
1944,"Sci-Fi",6
1944,"Sport",2
1944,"Thriller",13
1944,"War",74
1944,"Western",69
1945,"Action",55
1945,"Adventure",63
1945,"Animation",3
1945,"Biography",10
1945,"Comedy",174
1945,"Crime",63
1945,"Documentary",18
1945,"Drama",254
1945,"Family",13
1945,"Fantasy",16
1945,"Film-Noir",24
1945,"History",13
1945,"Horror",13
1945,"Music",54
1945,"Musical",39
1945,"Mystery",35
1945,"Romance",96
1945,"Sci-Fi",7
1945,"Sport",2
1945,"Thriller",21
1945,"War",44
1945,"Western",58
1946,"Action",60
1946,"Adventure",72
1946,"Animation",4
1946,"Biography",14
1946,"Comedy",186
1946,"Crime",87
1946,"Documentary",13
1946,"Drama",309
1946,"Family",15
1946,"Fantasy",11
1946,"Film-Noir",29
1946,"History",12
1946,"Horror",15
1946,"Music",50
1946,"Musical",41
1946,"Mystery",43
1946,"Romance",110
1946,"Sci-Fi",1
1946,"Sport",1
1946,"Thriller",13
1946,"War",44
1946,"Western",66
1947,"Action",62
1947,"Adventure",75
1947,"Animation",4
1947,"Biography",13
1947,"Comedy",172
1947,"Crime",85
1947,"Documentary",7
1947,"Drama",304
1947,"Family",17
1947,"Fantasy",10
1947,"Film-Noir",25
1947,"History",19
1947,"Horror",7
1947,"Music",35
1947,"Musical",44
1947,"Mystery",36
1947,"Romance",84
1947,"Sci-Fi",2
1947,"Sport",8
1947,"Thriller",16
1947,"War",20
1947,"Western",68
1948,"Action",61
1948,"Adventure",62
1948,"Animation",7
1948,"Biography",13
1948,"Comedy",169
1948,"Crime",89
1948,"Documentary",15
1948,"Drama",332
1948,"Family",20
1948,"Fantasy",12
1948,"Film-Noir",34
1948,"History",15
1948,"Horror",9
1948,"Music",28
1948,"Musical",39
1948,"Mystery",37
1948,"Romance",99
1948,"Sci-Fi",3
1948,"Short",1
1948,"Sport",10
1948,"Thriller",18
1948,"War",29
1948,"Western",86
1949,"Action",57
1949,"Adventure",77
1949,"Animation",6
1949,"Biography",21
1949,"Comedy",243
1949,"Crime",111
1949,"Documentary",6
1949,"Drama",374
1949,"Family",20
1949,"Fantasy",17
1949,"Film-Noir",35
1949,"History",19
1949,"Horror",8
1949,"Music",26
1949,"Musical",60
1949,"Mystery",24
1949,"Romance",103
1949,"Sci-Fi",4
1949,"Short",2
1949,"Sport",6
1949,"Thriller",17
1949,"War",27
1949,"Western",79
1950,"Action",78
1950,"Adventure",106
1950,"Animation",3
1950,"Biography",11
1950,"Comedy",217
1950,"Crime",128
1950,"Documentary",13
1950,"Drama",383
1950,"Family",19
1950,"Fantasy",13
1950,"Film-Noir",40
1950,"History",24
1950,"Horror",5
1950,"Music",26
1950,"Musical",47
1950,"Mystery",26
1950,"Romance",84
1950,"Sci-Fi",6
1950,"Sport",12
1950,"Thriller",20
1950,"War",32
1950,"Western",94
1951,"Action",57
1951,"Adventure",85
1951,"Animation",6
1951,"Biography",15
1951,"Comedy",282
1951,"Crime",121
1951,"Documentary",22
1951,"Drama",479
1951,"Family",31
1951,"Fantasy",18
1951,"Film-Noir",29
1951,"History",25
1951,"Horror",11
1951,"Music",28
1951,"Musical",74
1951,"Mystery",24
1951,"Reality-TV",1
1951,"Romance",130
1951,"Sci-Fi",13
1951,"Short",2
1951,"Sport",14
1951,"Thriller",26
1951,"War",57
1951,"Western",88
1952,"Action",63
1952,"Adventure",101
1952,"Animation",2
1952,"Biography",32
1952,"Comedy",296
1952,"Crime",95
1952,"Documentary",23
1952,"Drama",404
1952,"Family",22
1952,"Fantasy",17
1952,"Film-Noir",23
1952,"History",24
1952,"Horror",5
1952,"Music",33
1952,"Musical",63
1952,"Mystery",24
1952,"News",1
1952,"Romance",119
1952,"Sci-Fi",11
1952,"Short",2
1952,"Sport",12
1952,"Thriller",31
1952,"War",28
1952,"Western",80
1953,"Action",62
1953,"Adventure",115
1953,"Animation",7
1953,"Biography",21
1953,"Comedy",301
1953,"Crime",93
1953,"Documentary",24
1953,"Drama",460
1953,"Family",35
1953,"Fantasy",18
1953,"Film-Noir",16
1953,"History",29
1953,"Horror",16
1953,"Music",26
1953,"Musical",64
1953,"Mystery",25
1953,"News",1
1953,"Romance",122
1953,"Sci-Fi",21
1953,"Short",2
1953,"Sport",6
1953,"Thriller",28
1953,"War",47
1953,"Western",68
1954,"Action",58
1954,"Adventure",113
1954,"Animation",1
1954,"Biography",27
1954,"Comedy",265
1954,"Crime",102
1954,"Documentary",23
1954,"Drama",503
1954,"Family",38
1954,"Fantasy",30
1954,"Film-Noir",20
1954,"Game-Show",1
1954,"History",29
1954,"Horror",17
1954,"Music",19
1954,"Musical",51
1954,"Mystery",28
1954,"News",2
1954,"Romance",142
1954,"Sci-Fi",21
1954,"Short",1
1954,"Sport",7
1954,"Thriller",29
1954,"War",34
1954,"Western",55
1955,"Action",47
1955,"Adventure",102
1955,"Animation",3
1955,"Biography",29
1955,"Comedy",299
1955,"Crime",127
1955,"Documentary",24
1955,"Drama",512
1955,"Family",45
1955,"Fantasy",28
1955,"Film-Noir",42
1955,"History",41
1955,"Horror",14
1955,"Music",33
1955,"Musical",65
1955,"Mystery",27
1955,"Romance",148
1955,"Sci-Fi",17
1955,"Sport",7
1955,"Thriller",26
1955,"War",46
1955,"Western",56
1956,"Action",54
1956,"Adventure",88
1956,"Animation",2
1956,"Biography",17
1956,"Comedy",293
1956,"Crime",118
1956,"Documentary",20
1956,"Drama",524
1956,"Family",40
1956,"Fantasy",26
1956,"Film-Noir",33
1956,"History",26
1956,"Horror",24
1956,"Music",32
1956,"Musical",71
1956,"Mystery",18
1956,"Romance",151
1956,"Sci-Fi",31
1956,"Short",2
1956,"Sport",8
1956,"Talk-Show",1
1956,"Thriller",27
1956,"War",48
1956,"Western",63
1957,"Action",71
1957,"Adventure",99
1957,"Animation",4
1957,"Biography",26
1957,"Comedy",323
1957,"Crime",157
1957,"Documentary",22
1957,"Drama",587
1957,"Family",49
1957,"Fantasy",38
1957,"Film-Noir",28
1957,"History",28
1957,"Horror",44
1957,"Music",25
1957,"Musical",70
1957,"Mystery",30
1957,"Romance",165
1957,"Sci-Fi",27
1957,"Short",2
1957,"Sport",8
1957,"Thriller",49
1957,"War",50
1957,"Western",63
1958,"Action",62
1958,"Adventure",98
1958,"Animation",5
1958,"Biography",23
1958,"Comedy",351
1958,"Crime",137
1958,"Documentary",20
1958,"Drama",568
1958,"Family",49
1958,"Fantasy",21
1958,"Film-Noir",19
1958,"History",25
1958,"Horror",51
1958,"Music",23
1958,"Musical",59
1958,"Mystery",35
1958,"Romance",170
1958,"Sci-Fi",41
1958,"Short",2
1958,"Sport",2
1958,"Thriller",46
1958,"War",68
1958,"Western",59
1959,"Action",64
1959,"Adventure",111
1959,"Animation",4
1959,"Biography",23
1959,"Comedy",356
1959,"Crime",122
1959,"Documentary",33
1959,"Drama",605
1959,"Family",52
1959,"Fantasy",30
1959,"History",32
1959,"Horror",43
1959,"Music",20
1959,"Musical",75
1959,"Mystery",36
1959,"Romance",182
1959,"Sci-Fi",34
1959,"Short",3
1959,"Sport",2
1959,"Thriller",67
1959,"War",75
1959,"Western",36
1960,"Action",81
1960,"Adventure",98
1960,"Animation",6
1960,"Biography",25
1960,"Comedy",372
1960,"Crime",171
1960,"Documentary",31
1960,"Drama",645
1960,"Family",66
1960,"Fantasy",36
1960,"History",26
1960,"Horror",44
1960,"Music",19
1960,"Musical",60
1960,"Mystery",34
1960,"News",1
1960,"Romance",183
1960,"Sci-Fi",20
1960,"Short",3
1960,"Sport",3
1960,"Talk-Show",1
1960,"Thriller",41
1960,"War",73
1960,"Western",35
1961,"Action",76
1961,"Adventure",132
1961,"Animation",7
1961,"Biography",22
1961,"Comedy",390
1961,"Crime",140
1961,"Documentary",48
1961,"Drama",669
1961,"Family",56
1961,"Fantasy",40
1961,"History",45
1961,"Horror",31
1961,"Music",32
1961,"Musical",62
1961,"Mystery",39
1961,"Romance",184
1961,"Sci-Fi",22
1961,"Short",12
1961,"Sport",5
1961,"Thriller",55
1961,"War",90
1961,"Western",32
1962,"Action",89
1962,"Adventure",140
1962,"Animation",14
1962,"Biography",17
1962,"Comedy",427
1962,"Crime",132
1962,"Documentary",47
1962,"Drama",679
1962,"Family",61
1962,"Fantasy",35
1962,"History",30
1962,"Horror",38
1962,"Music",34
1962,"Musical",55
1962,"Mystery",43
1962,"Romance",170
1962,"Sci-Fi",27
1962,"Short",8
1962,"Sport",6
1962,"Thriller",51
1962,"War",70
1962,"Western",32
1963,"Action",95
1963,"Adventure",126
1963,"Animation",5
1963,"Biography",12
1963,"Comedy",440
1963,"Crime",136
1963,"Documentary",66
1963,"Drama",627
1963,"Family",60
1963,"Fantasy",30
1963,"History",30
1963,"Horror",45
1963,"Music",48
1963,"Musical",68
1963,"Mystery",34
1963,"News",2
1963,"Romance",154
1963,"Sci-Fi",20
1963,"Short",20
1963,"Sport",9
1963,"Thriller",50
1963,"War",54
1963,"Western",23
1964,"Action",118
1964,"Adventure",161
1964,"Animation",6
1964,"Biography",17
1964,"Comedy",476
1964,"Crime",153
1964,"Documentary",58
1964,"Drama",708
1964,"Family",57
1964,"Fantasy",43
1964,"History",46
1964,"Horror",54
1964,"Music",43
1964,"Musical",77
1964,"Mystery",50
1964,"News",2
1964,"Romance",192
1964,"Sci-Fi",25
1964,"Short",19
1964,"Sport",7
1964,"Thriller",57
1964,"War",66
1964,"Western",61
1965,"Action",117
1965,"Adventure",167
1965,"Animation",13
1965,"Biography",26
1965,"Comedy",443
1965,"Crime",131
1965,"Documentary",75
1965,"Drama",722
1965,"Family",53
1965,"Fantasy",34
1965,"History",40
1965,"Horror",57
1965,"Music",59
1965,"Musical",86
1965,"Mystery",44
1965,"Romance",185
1965,"Sci-Fi",38
1965,"Short",26
1965,"Sport",9
1965,"Thriller",66
1965,"War",67
1965,"Western",84
1966,"Action",175
1966,"Adventure",190
1966,"Animation",16
1966,"Biography",20
1966,"Comedy",472
1966,"Crime",197
1966,"Documentary",57
1966,"Drama",743
1966,"Family",77
1966,"Fantasy",41
1966,"Game-Show",1
1966,"History",44
1966,"Horror",45
1966,"Music",52
1966,"Musical",88
1966,"Mystery",52
1966,"News",1
1966,"Romance",195
1966,"Sci-Fi",62
1966,"Short",29
1966,"Sport",7
1966,"Thriller",61
1966,"War",73
1966,"Western",97
1967,"Action",166
1967,"Adventure",209
1967,"Animation",42
1967,"Biography",10
1967,"Comedy",483
1967,"Crime",212
1967,"Documentary",75
1967,"Drama",797
1967,"Family",67
1967,"Fantasy",47
1967,"History",38
1967,"Horror",48
1967,"Music",79
1967,"Musical",86
1967,"Mystery",50
1967,"News",2
1967,"Romance",186
1967,"Sci-Fi",39
1967,"Short",71
1967,"Sport",6
1967,"Talk-Show",2
1967,"Thriller",92
1967,"War",66
1967,"Western",96
1968,"Action",181
1968,"Adult",1
1968,"Adventure",159
1968,"Animation",24
1968,"Biography",15
1968,"Comedy",451
1968,"Crime",204
1968,"Documentary",94
1968,"Drama",870
1968,"Family",61
1968,"Fantasy",48
1968,"History",36
1968,"Horror",72
1968,"Music",57
1968,"Musical",76
1968,"Mystery",45
1968,"News",1
1968,"Romance",201
1968,"Sci-Fi",43
1968,"Short",30
1968,"Sport",16
1968,"Thriller",86
1968,"War",95
1968,"Western",94
1969,"Action",189
1969,"Adult",4
1969,"Adventure",155
1969,"Animation",21
1969,"Biography",27
1969,"Comedy",503
1969,"Crime",217
1969,"Documentary",85
1969,"Drama",948
1969,"Family",69
1969,"Fantasy",52
1969,"History",58
1969,"Horror",67
1969,"Music",77
1969,"Musical",58
1969,"Mystery",50
1969,"News",2
1969,"Romance",200
1969,"Sci-Fi",43
1969,"Short",42
1969,"Sport",8
1969,"Talk-Show",1
1969,"Thriller",89
1969,"War",83
1969,"Western",64
1970,"Action",175
1970,"Adult",52
1970,"Adventure",177
1970,"Animation",35
1970,"Biography",29
1970,"Comedy",565
1970,"Crime",178
1970,"Documentary",129
1970,"Drama",920
1970,"Family",101
1970,"Fantasy",65
1970,"History",50
1970,"Horror",90
1970,"Music",59
1970,"Musical",76
1970,"Mystery",46
1970,"Romance",204
1970,"Sci-Fi",39
1970,"Short",32
1970,"Sport",21
1970,"Thriller",82
1970,"War",85
1970,"Western",79
1971,"Action",208
1971,"Adult",113
1971,"Adventure",171
1971,"Animation",24
1971,"Biography",27
1971,"Comedy",548
1971,"Crime",207
1971,"Documentary",129
1971,"Drama",926
1971,"Family",70
1971,"Fantasy",55
1971,"History",52
1971,"Horror",121
1971,"Music",64
1971,"Musical",57
1971,"Mystery",81
1971,"News",1
1971,"Romance",190
1971,"Sci-Fi",41
1971,"Short",32
1971,"Sport",9
1971,"Thriller",112
1971,"War",58
1971,"Western",92
1972,"Action",212
1972,"Adult",85
1972,"Adventure",158
1972,"Animation",29
1972,"Biography",38
1972,"Comedy",570
1972,"Crime",216
1972,"Documentary",104
1972,"Drama",906
1972,"Family",105
1972,"Fantasy",46
1972,"Game-Show",1
1972,"History",59
1972,"Horror",129
1972,"Music",56
1972,"Musical",64
1972,"Mystery",76
1972,"News",2
1972,"Reality-TV",1
1972,"Romance",200
1972,"Sci-Fi",40
1972,"Short",35
1972,"Sport",23
1972,"Talk-Show",1
1972,"Thriller",130
1972,"War",55
1972,"Western",98
1973,"Action",293
1973,"Adult",111
1973,"Adventure",159
1973,"Animation",36
1973,"Biography",42
1973,"Comedy",552
1973,"Crime",288
1973,"Documentary",105
1973,"Drama",959
1973,"Family",112
1973,"Fantasy",69
1973,"History",57
1973,"Horror",139
1973,"Music",76
1973,"Musical",55
1973,"Mystery",55
1973,"News",1
1973,"Romance",158
1973,"Sci-Fi",43
1973,"Short",50
1973,"Sport",21
1973,"Thriller",131
1973,"War",49
1973,"Western",65
1974,"Action",280
1974,"Adult",100
1974,"Adventure",151
1974,"Animation",32
1974,"Biography",34
1974,"Comedy",579
1974,"Crime",233
1974,"Documentary",124
1974,"Drama",970
1974,"Family",97
1974,"Fantasy",51
1974,"History",52
1974,"Horror",119
1974,"Music",57
1974,"Musical",52
1974,"Mystery",59
1974,"Romance",195
1974,"Sci-Fi",46
1974,"Short",32
1974,"Sport",14
1974,"Thriller",125
1974,"War",55
1974,"Western",35
1975,"Action",216
1975,"Adult",163
1975,"Adventure",161
1975,"Animation",45
1975,"Biography",46
1975,"Comedy",598
1975,"Crime",223
1975,"Documentary",107
1975,"Drama",924
1975,"Family",101
1975,"Fantasy",53
1975,"History",47
1975,"Horror",103
1975,"Music",78
1975,"Musical",48
1975,"Mystery",73
1975,"News",1
1975,"Reality-TV",1
1975,"Romance",154
1975,"Sci-Fi",34
1975,"Short",51
1975,"Sport",9
1975,"Thriller",119
1975,"War",53
1975,"Western",54
1976,"Action",234
1976,"Adult",211
1976,"Adventure",144
1976,"Animation",39
1976,"Biography",38
1976,"Comedy",602
1976,"Crime",237
1976,"Documentary",127
1976,"Drama",886
1976,"Family",114
1976,"Fantasy",59
1976,"History",52
1976,"Horror",89
1976,"Music",101
1976,"Musical",48
1976,"Mystery",51
1976,"Romance",166
1976,"Sci-Fi",35
1976,"Short",71
1976,"Sport",18
1976,"Thriller",113
1976,"War",65
1976,"Western",42
1977,"Action",280
1977,"Adult",173
1977,"Adventure",151
1977,"Animation",44
1977,"Biography",44
1977,"Comedy",511
1977,"Crime",213
1977,"Documentary",145
1977,"Drama",958
1977,"Family",125
1977,"Fantasy",60
1977,"Game-Show",2
1977,"History",42
1977,"Horror",90
1977,"Music",119
1977,"Musical",41
1977,"Mystery",48
1977,"News",1
1977,"Reality-TV",2
1977,"Romance",165
1977,"Sci-Fi",50
1977,"Short",73
1977,"Sport",26
1977,"Talk-Show",1
1977,"Thriller",114
1977,"War",54
1977,"Western",18
1978,"Action",266
1978,"Adult",194
1978,"Adventure",140
1978,"Animation",58
1978,"Biography",28
1978,"Comedy",543
1978,"Crime",184
1978,"Documentary",144
1978,"Drama",936
1978,"Family",138
1978,"Fantasy",56
1978,"Game-Show",2
1978,"History",43
1978,"Horror",77
1978,"Music",144
1978,"Musical",46
1978,"Mystery",60
1978,"News",1
1978,"Reality-TV",1
1978,"Romance",175
1978,"Sci-Fi",51
1978,"Short",115
1978,"Sport",30
1978,"Thriller",116
1978,"War",41
1978,"Western",26
1979,"Action",298
1979,"Adult",164
1979,"Adventure",180
1979,"Animation",77
1979,"Biography",40
1979,"Comedy",600
1979,"Crime",182
1979,"Documentary",170
1979,"Drama",1016
1979,"Family",144
1979,"Fantasy",77
1979,"Game-Show",2
1979,"History",46
1979,"Horror",68
1979,"Music",183
1979,"Musical",50
1979,"Mystery",61
1979,"Reality-TV",1
1979,"Romance",175
1979,"Sci-Fi",62
1979,"Short",124
1979,"Sport",36
1979,"Talk-Show",2
1979,"Thriller",87
1979,"War",56
1979,"Western",26
1980,"Action",308
1980,"Adult",157
1980,"Adventure",126
1980,"Animation",68
1980,"Biography",63
1980,"Comedy",603
1980,"Crime",177
1980,"Documentary",145
1980,"Drama",976
1980,"Family",128
1980,"Fantasy",59
1980,"Game-Show",2
1980,"History",61
1980,"Horror",86
1980,"Music",207
1980,"Musical",53
1980,"Mystery",48
1980,"News",2
1980,"Romance",158
1980,"Sci-Fi",80
1980,"Short",144
1980,"Sport",30
1980,"Thriller",104
1980,"War",55
1980,"Western",10
1981,"Action",264
1981,"Adult",204
1981,"Adventure",138
1981,"Animation",74
1981,"Biography",60
1981,"Comedy",588
1981,"Crime",176
1981,"Documentary",167
1981,"Drama",971
1981,"Family",167
1981,"Fantasy",63
1981,"Game-Show",2
1981,"History",57
1981,"Horror",103
1981,"Music",236
1981,"Musical",63
1981,"Mystery",60
1981,"Reality-TV",1
1981,"Romance",173
1981,"Sci-Fi",56
1981,"Short",192
1981,"Sport",23
1981,"Thriller",99
1981,"War",51
1981,"Western",7
1982,"Action",286
1982,"Adult",150
1982,"Adventure",153
1982,"Animation",80
1982,"Biography",49
1982,"Comedy",607
1982,"Crime",160
1982,"Documentary",161
1982,"Drama",964
1982,"Family",186
1982,"Fantasy",96
1982,"Game-Show",2
1982,"History",52
1982,"Horror",111
1982,"Music",264
1982,"Musical",60
1982,"Mystery",56
1982,"News",1
1982,"Reality-TV",1
1982,"Romance",174
1982,"Sci-Fi",73
1982,"Short",219
1982,"Sport",22
1982,"Talk-Show",1
1982,"Thriller",97
1982,"War",48
1982,"Western",15
1983,"Action",292
1983,"Adult",209
1983,"Adventure",155
1983,"Animation",75
1983,"Biography",56
1983,"Comedy",632
1983,"Crime",173
1983,"Documentary",215
1983,"Drama",1047
1983,"Family",179
1983,"Fantasy",102
1983,"Game-Show",3
1983,"History",66
1983,"Horror",87
1983,"Music",332
1983,"Musical",61
1983,"Mystery",64
1983,"News",1
1983,"Reality-TV",2
1983,"Romance",184
1983,"Sci-Fi",86
1983,"Short",246
1983,"Sport",37
1983,"Talk-Show",3
1983,"Thriller",104
1983,"War",75
1983,"Western",12
1984,"Action",283
1984,"Adult",283
1984,"Adventure",137
1984,"Animation",79
1984,"Biography",53
1984,"Comedy",665
1984,"Crime",183
1984,"Documentary",214
1984,"Drama",1050
1984,"Family",186
1984,"Fantasy",103
1984,"Game-Show",3
1984,"History",53
1984,"Horror",90
1984,"Music",417
1984,"Musical",60
1984,"Mystery",61
1984,"Romance",198
1984,"Sci-Fi",84
1984,"Short",347
1984,"Sport",44
1984,"Talk-Show",2
1984,"Thriller",132
1984,"War",45
1984,"Western",12
1985,"Action",336
1985,"Adult",380
1985,"Adventure",175
1985,"Animation",122
1985,"Biography",42
1985,"Comedy",674
1985,"Crime",201
1985,"Documentary",235
1985,"Drama",1009
1985,"Family",180
1985,"Fantasy",112
1985,"Game-Show",1
1985,"History",48
1985,"Horror",106
1985,"Music",426
1985,"Musical",50
1985,"Mystery",66
1985,"News",2
1985,"Reality-TV",3
1985,"Romance",220
1985,"Sci-Fi",97
1985,"Short",335
1985,"Sport",55
1985,"Talk-Show",2
1985,"Thriller",118
1985,"War",76
1985,"Western",11
1986,"Action",379
1986,"Adult",384
1986,"Adventure",198
1986,"Animation",144
1986,"Biography",65
1986,"Comedy",745
1986,"Crime",248
1986,"Documentary",191
1986,"Drama",1107
1986,"Family",195
1986,"Fantasy",121
1986,"History",37
1986,"Horror",128
1986,"Music",375
1986,"Musical",52
1986,"Mystery",68
1986,"News",1
1986,"Reality-TV",1
1986,"Romance",218
1986,"Sci-Fi",104
1986,"Short",326
1986,"Sport",64
1986,"Thriller",140
1986,"War",57
1986,"Western",15
1987,"Action",438
1987,"Adult",312
1987,"Adventure",232
1987,"Animation",155
1987,"Biography",62
1987,"Comedy",721
1987,"Crime",227
1987,"Documentary",253
1987,"Drama",1148
1987,"Family",189
1987,"Fantasy",138
1987,"Game-Show",2
1987,"History",50
1987,"Horror",159
1987,"Music",368
1987,"Musical",49
1987,"Mystery",70
1987,"News",2
1987,"Reality-TV",3
1987,"Romance",203
1987,"Sci-Fi",122
1987,"Short",340
1987,"Sport",55
1987,"Talk-Show",1
1987,"Thriller",144
1987,"War",68
1987,"Western",10
1988,"Action",466
1988,"Adult",277
1988,"Adventure",210
1988,"Animation",112
1988,"Biography",63
1988,"Comedy",758
1988,"Crime",223
1988,"Documentary",254
1988,"Drama",1078
1988,"Family",167
1988,"Fantasy",153
1988,"Game-Show",1
1988,"History",58
1988,"Horror",205
1988,"Music",389
1988,"Musical",58
1988,"Mystery",77
1988,"News",1
1988,"Reality-TV",2
1988,"Romance",239
1988,"Sci-Fi",116
1988,"Short",344
1988,"Sport",63
1988,"Talk-Show",2
1988,"Thriller",155
1988,"War",72
1988,"Western",13
1989,"Action",505
1989,"Adult",297
1989,"Adventure",195
1989,"Animation",106
1989,"Biography",66
1989,"Comedy",759
1989,"Crime",289
1989,"Documentary",274
1989,"Drama",1181
1989,"Family",149
1989,"Fantasy",142
1989,"History",71
1989,"Horror",226
1989,"Music",373
1989,"Musical",42
1989,"Mystery",83
1989,"News",2
1989,"Reality-TV",2
1989,"Romance",209
1989,"Sci-Fi",125
1989,"Short",325
1989,"Sport",67
1989,"Thriller",210
1989,"War",78
1989,"Western",11
1990,"Action",516
1990,"Adult",267
1990,"Adventure",216
1990,"Animation",103
1990,"Biography",66
1990,"Comedy",691
1990,"Crime",292
1990,"Documentary",294
1990,"Drama",1090
1990,"Family",181
1990,"Fantasy",162
1990,"History",52
1990,"Horror",186
1990,"Music",372
1990,"Musical",47
1990,"Mystery",74
1990,"News",1
1990,"Reality-TV",1
1990,"Romance",211
1990,"Sci-Fi",115
1990,"Short",315
1990,"Sport",69
1990,"Talk-Show",1
1990,"Thriller",199
1990,"War",57
1990,"Western",14
1991,"Action",512
1991,"Adult",275
1991,"Adventure",219
1991,"Animation",135
1991,"Biography",71
1991,"Comedy",748
1991,"Crime",235
1991,"Documentary",386
1991,"Drama",1134
1991,"Family",155
1991,"Fantasy",166
1991,"History",59
1991,"Horror",178
1991,"Music",409
1991,"Musical",51
1991,"Mystery",76
1991,"News",3
1991,"Reality-TV",1
1991,"Romance",221
1991,"Sci-Fi",139
1991,"Short",343
1991,"Sport",88
1991,"Talk-Show",3
1991,"Thriller",188
1991,"War",55
1991,"Western",17
1992,"Action",497
1992,"Adult",350
1992,"Adventure",221
1992,"Animation",129
1992,"Biography",63
1992,"Comedy",787
1992,"Crime",254
1992,"Documentary",412
1992,"Drama",1045
1992,"Family",162
1992,"Fantasy",168
1992,"Game-Show",2
1992,"History",61
1992,"Horror",156
1992,"Music",426
1992,"Musical",37
1992,"Mystery",84
1992,"News",1
1992,"Reality-TV",2
1992,"Romance",251
1992,"Sci-Fi",108
1992,"Short",383
1992,"Sport",81
1992,"Thriller",210
1992,"War",46
1992,"Western",14
1993,"Action",551
1993,"Adult",429
1993,"Adventure",230
1993,"Animation",117
1993,"Biography",92
1993,"Comedy",724
1993,"Crime",291
1993,"Documentary",403
1993,"Drama",1173
1993,"Family",173
1993,"Fantasy",164
1993,"History",57
1993,"Horror",132
1993,"Music",438
1993,"Musical",43
1993,"Mystery",85
1993,"News",2
1993,"Reality-TV",2
1993,"Romance",290
1993,"Sci-Fi",137
1993,"Short",399
1993,"Sport",74
1993,"Talk-Show",1
1993,"Thriller",237
1993,"War",52
1993,"Western",16
1994,"Action",538
1994,"Adult",437
1994,"Adventure",250
1994,"Animation",131
1994,"Biography",92
1994,"Comedy",807
1994,"Crime",276
1994,"Documentary",476
1994,"Drama",1179
1994,"Family",227
1994,"Fantasy",165
1994,"History",57
1994,"Horror",135
1994,"Music",371
1994,"Musical",39
1994,"Mystery",92
1994,"Reality-TV",3
1994,"Romance",260
1994,"Sci-Fi",149
1994,"Short",321
1994,"Sport",99
1994,"Talk-Show",4
1994,"Thriller",236
1994,"War",53
1994,"Western",29
1995,"Action",537
1995,"Adult",446
1995,"Adventure",252
1995,"Animation",133
1995,"Biography",105
1995,"Comedy",768
1995,"Crime",264
1995,"Documentary",529
1995,"Drama",1187
1995,"Family",202
1995,"Fantasy",160
1995,"Game-Show",2
1995,"History",59
1995,"Horror",166
1995,"Music",420
1995,"Musical",40
1995,"Mystery",108
1995,"News",2
1995,"Reality-TV",8
1995,"Romance",309
1995,"Sci-Fi",168
1995,"Short",373
1995,"Sport",79
1995,"Talk-Show",1
1995,"Thriller",269
1995,"War",58
1995,"Western",29
1996,"Action",530
1996,"Adult",341
1996,"Adventure",259
1996,"Animation",164
1996,"Biography",105
1996,"Comedy",824
1996,"Crime",266
1996,"Documentary",559
1996,"Drama",1237
1996,"Family",220
1996,"Fantasy",165
1996,"Game-Show",5
1996,"History",68
1996,"Horror",170
1996,"Music",422
1996,"Musical",43
1996,"Mystery",102
1996,"News",1
1996,"Reality-TV",4
1996,"Romance",307
1996,"Sci-Fi",177
1996,"Short",373
1996,"Sport",102
1996,"Talk-Show",1
1996,"Thriller",245
1996,"War",46
1996,"Western",12
1997,"Action",461
1997,"Adult",369
1997,"Adventure",240
1997,"Animation",140
1997,"Biography",84
1997,"Comedy",926
1997,"Crime",278
1997,"Documentary",660
1997,"Drama",1300
1997,"Family",206
1997,"Fantasy",165
1997,"Game-Show",1
1997,"History",87
1997,"Horror",157
1997,"Music",423
1997,"Musical",48
1997,"Mystery",86
1997,"News",4
1997,"Reality-TV",6
1997,"Romance",337
1997,"Sci-Fi",159
1997,"Short",342
1997,"Sport",97
1997,"Talk-Show",1
1997,"Thriller",277
1997,"War",62
1997,"Western",7
1998,"Action",473
1998,"Adult",374
1998,"Adventure",280
1998,"Animation",161
1998,"Biography",93
1998,"Comedy",964
1998,"Crime",288
1998,"Documentary",780
1998,"Drama",1347
1998,"Family",244
1998,"Fantasy",160
1998,"Game-Show",3
1998,"History",60
1998,"Horror",187
1998,"Music",453
1998,"Musical",37
1998,"Mystery",99
1998,"News",3
1998,"Reality-TV",6
1998,"Romance",403
1998,"Sci-Fi",155
1998,"Short",381
1998,"Sport",111
1998,"Talk-Show",2
1998,"Thriller",240
1998,"War",55
1998,"Western",14
1999,"Action",567
1999,"Adult",417
1999,"Adventure",300
1999,"Animation",150
1999,"Biography",106
1999,"Comedy",1048
1999,"Crime",311
1999,"Documentary",865
1999,"Drama",1467
1999,"Family",257
1999,"Fantasy",181
1999,"Game-Show",1
1999,"History",92
1999,"Horror",216
1999,"Music",518
1999,"Musical",46
1999,"Mystery",95
1999,"News",3
1999,"Reality-TV",10
1999,"Romance",383
1999,"Sci-Fi",170
1999,"Short",454
1999,"Sport",112
1999,"Talk-Show",1
1999,"Thriller",305
1999,"War",64
1999,"Western",17
2000,"Action",580
2000,"Adult",398
2000,"Adventure",311
2000,"Animation",181
2000,"Biography",137
2000,"Comedy",1047
2000,"Crime",345
2000,"Documentary",1066
2000,"Drama",1553
2000,"Family",279
2000,"Fantasy",208
2000,"Game-Show",2
2000,"History",103
2000,"Horror",248
2000,"Music",561
2000,"Musical",66
2000,"Mystery",133
2000,"News",3
2000,"Reality-TV",9
2000,"Romance",459
2000,"Sci-Fi",145
2000,"Short",555
2000,"Sport",147
2000,"Talk-Show",3
2000,"Thriller",310
2000,"War",65
2000,"Western",9
2001,"Action",612
2001,"Adult",465
2001,"Adventure",350
2001,"Animation",186
2001,"Biography",123
2001,"Comedy",1242
2001,"Crime",359
2001,"Documentary",1233
2001,"Drama",1682
2001,"Family",295
2001,"Fantasy",215
2001,"Game-Show",3
2001,"History",106
2001,"Horror",243
2001,"Music",573
2001,"Musical",71
2001,"Mystery",127
2001,"News",3
2001,"Reality-TV",15
2001,"Romance",522
2001,"Sci-Fi",149
2001,"Short",615
2001,"Sport",127
2001,"Talk-Show",4
2001,"Thriller",266
2001,"War",72
2001,"Western",11
2002,"Action",720
2002,"Adult",473
2002,"Adventure",367
2002,"Animation",208
2002,"Biography",135
2002,"Comedy",1322
2002,"Crime",378
2002,"Documentary",1574
2002,"Drama",1818
2002,"Family",292
2002,"Fantasy",244
2002,"Game-Show",6
2002,"History",96
2002,"Horror",273
2002,"Music",643
2002,"Musical",79
2002,"Mystery",149
2002,"News",2
2002,"Reality-TV",17
2002,"Romance",542
2002,"Sci-Fi",173
2002,"Short",781
2002,"Sport",142
2002,"Talk-Show",4
2002,"Thriller",290
2002,"War",77
2002,"Western",14
2003,"Action",729
2003,"Adult",509
2003,"Adventure",412
2003,"Animation",240
2003,"Biography",129
2003,"Comedy",1530
2003,"Crime",362
2003,"Documentary",1849
2003,"Drama",1902
2003,"Family",326
2003,"Fantasy",227
2003,"Game-Show",10
2003,"History",106
2003,"Horror",331
2003,"Music",685
2003,"Musical",92
2003,"Mystery",160
2003,"News",6
2003,"Reality-TV",18
2003,"Romance",536
2003,"Sci-Fi",149
2003,"Short",871
2003,"Sport",136
2003,"Talk-Show",8
2003,"Thriller",298
2003,"War",77
2003,"Western",21
2004,"Action",709
2004,"Adult",544
2004,"Adventure",383
2004,"Animation",247
2004,"Biography",152
2004,"Comedy",1542
2004,"Crime",316
2004,"Documentary",2230
2004,"Drama",1915
2004,"Family",268
2004,"Fantasy",216
2004,"Game-Show",9
2004,"History",119
2004,"Horror",400
2004,"Music",725
2004,"Musical",87
2004,"Mystery",177
2004,"News",3
2004,"Reality-TV",25
2004,"Romance",533
2004,"Sci-Fi",160
2004,"Short",1026
2004,"Sport",164
2004,"Talk-Show",10
2004,"Thriller",334
2004,"War",116
2004,"Western",13
2005,"Action",725
2005,"Adult",544
2005,"Adventure",397
2005,"Animation",274
2005,"Biography",198
2005,"Comedy",1696
2005,"Crime",351
2005,"Documentary",2297
2005,"Drama",2167
2005,"Family",335
2005,"Fantasy",241
2005,"Game-Show",7
2005,"History",155
2005,"Horror",465
2005,"Music",771
2005,"Musical",106
2005,"Mystery",204
2005,"News",12
2005,"Reality-TV",56
2005,"Romance",581
2005,"Sci-Fi",177
2005,"Short",1069
2005,"Sport",202
2005,"Talk-Show",6
2005,"Thriller",328
2005,"War",101
2005,"Western",16
2006,"Action",749
2006,"Adult",537
2006,"Adventure",450
2006,"Animation",308
2006,"Biography",193
2006,"Comedy",1809
2006,"Crime",424
2006,"Documentary",2382
2006,"Drama",2421
2006,"Family",324
2006,"Fantasy",244
2006,"Game-Show",9
2006,"History",193
2006,"Horror",546
2006,"Music",729
2006,"Musical",113
2006,"Mystery",221
2006,"News",16
2006,"Reality-TV",56
2006,"Romance",577
2006,"Sci-Fi",168
2006,"Short",1222
2006,"Sport",219
2006,"Talk-Show",23
2006,"Thriller",435
2006,"War",111
2006,"Western",21
2007,"Action",744
2007,"Adult",441
2007,"Adventure",413
2007,"Animation",282
2007,"Biography",223
2007,"Comedy",1841
2007,"Crime",446
2007,"Documentary",2410
2007,"Drama",2405
2007,"Family",293
2007,"Fantasy",263
2007,"Game-Show",13
2007,"History",208
2007,"Horror",530
2007,"Music",662
2007,"Musical",92
2007,"Mystery",223
2007,"News",22
2007,"Reality-TV",55
2007,"Romance",591
2007,"Sci-Fi",202
2007,"Short",1028
2007,"Sport",199
2007,"Talk-Show",13
2007,"Thriller",431
2007,"War",119
2007,"Western",18
2008,"Action",772
2008,"Adult",442
2008,"Adventure",447
2008,"Animation",301
2008,"Biography",233
2008,"Comedy",1952
2008,"Crime",449
2008,"Documentary",2386
2008,"Drama",2652
2008,"Family",321
2008,"Fantasy",269
2008,"Game-Show",14
2008,"History",184
2008,"Horror",581
2008,"Music",679
2008,"Musical",110
2008,"Mystery",208
2008,"News",16
2008,"Reality-TV",43
2008,"Romance",641
2008,"Sci-Fi",184
2008,"Short",964
2008,"Sport",213
2008,"Talk-Show",16
2008,"Thriller",507
2008,"War",115
2008,"Western",23
2009,"Action",878
2009,"Adult",368
2009,"Adventure",512
2009,"Animation",297
2009,"Biography",284
2009,"Comedy",2214
2009,"Crime",510
2009,"Documentary",2543
2009,"Drama",2919
2009,"Family",370
2009,"Fantasy",323
2009,"Game-Show",5
2009,"History",269
2009,"Horror",684
2009,"Music",767
2009,"Musical",115
2009,"Mystery",264
2009,"News",55
2009,"Reality-TV",27
2009,"Romance",662
2009,"Sci-Fi",238
2009,"Short",1068
2009,"Sport",178
2009,"Talk-Show",14
2009,"Thriller",564
2009,"War",89
2009,"Western",29
2010,"Action",973
2010,"Adult",426
2010,"Adventure",543
2010,"Animation",320
2010,"Biography",416
2010,"Comedy",2250
2010,"Crime",458
2010,"Documentary",2437
2010,"Drama",3038
2010,"Family",428
2010,"Fantasy",320
2010,"Game-Show",9
2010,"History",348
2010,"Horror",717
2010,"Music",777
2010,"Musical",135
2010,"Mystery",261
2010,"News",78
2010,"Reality-TV",44
2010,"Romance",710
2010,"Sci-Fi",271
2010,"Short",961
2010,"Sport",200
2010,"Talk-Show",11
2010,"Thriller",600
2010,"War",107
2010,"Western",28
2011,"Action",988
2011,"Adult",361
2011,"Adventure",571
2011,"Animation",353
2011,"Biography",446
2011,"Comedy",2371
2011,"Crime",517
2011,"Documentary",2591
2011,"Drama",3185
2011,"Family",464
2011,"Fantasy",385
2011,"Game-Show",8
2011,"History",344
2011,"Horror",734
2011,"Music",845
2011,"Musical",133
2011,"Mystery",286
2011,"News",90
2011,"Reality-TV",52
2011,"Romance",758
2011,"Sci-Fi",303
2011,"Short",941
2011,"Sport",210
2011,"Talk-Show",15
2011,"Thriller",629
2011,"War",117
2011,"Western",30
2012,"Action",977
2012,"Adult",363
2012,"Adventure",601
2012,"Animation",337
2012,"Biography",470
2012,"Comedy",2451
2012,"Crime",536
2012,"Documentary",2657
2012,"Drama",3303
2012,"Family",506
2012,"Fantasy",351
2012,"Game-Show",4
2012,"History",416
2012,"Horror",865
2012,"Music",907
2012,"Musical",119
2012,"Mystery",302
2012,"News",105
2012,"Reality-TV",23
2012,"Romance",756
2012,"Sci-Fi",291
2012,"Short",1006
2012,"Sport",190
2012,"Talk-Show",21
2012,"Thriller",682
2012,"War",102
2012,"Western",34
2013,"Action",983
2013,"Adult",389
2013,"Adventure",692
2013,"Animation",309
2013,"Biography",560
2013,"Comedy",2446
2013,"Crime",559
2013,"Documentary",2716
2013,"Drama",3519
2013,"Family",582
2013,"Fantasy",341
2013,"Game-Show",5
2013,"History",433
2013,"Horror",830
2013,"Music",968
2013,"Musical",135
2013,"Mystery",359
2013,"News",113
2013,"Reality-TV",33
2013,"Romance",860
2013,"Sci-Fi",302
2013,"Short",1090
2013,"Sport",195
2013,"Talk-Show",24
2013,"Thriller",823
2013,"War",94
2013,"Western",30
2014,"Action",1007
2014,"Adult",329
2014,"Adventure",675
2014,"Animation",350
2014,"Biography",653
2014,"Comedy",2544
2014,"Crime",577
2014,"Documentary",2822
2014,"Drama",3625
2014,"Family",572
2014,"Fantasy",344
2014,"Game-Show",4
2014,"History",500
2014,"Horror",881
2014,"Music",970
2014,"Musical",128
2014,"Mystery",391
2014,"News",132
2014,"Reality-TV",25
2014,"Romance",938
2014,"Sci-Fi",302
2014,"Short",970
2014,"Sport",221
2014,"Talk-Show",25
2014,"Thriller",888
2014,"War",135
2014,"Western",37
2015,"Action",1026
2015,"Adult",243
2015,"Adventure",709
2015,"Animation",350
2015,"Biography",589
2015,"Comedy",2548
2015,"Crime",596
2015,"Documentary",2882
2015,"Drama",3766
2015,"Family",550
2015,"Fantasy",387
2015,"Game-Show",9
2015,"History",459
2015,"Horror",894
2015,"Music",1072
2015,"Musical",124
2015,"Mystery",385
2015,"News",104
2015,"Reality-TV",24
2015,"Romance",919
2015,"Sci-Fi",317
2015,"Short",1138
2015,"Sport",220
2015,"Talk-Show",15
2015,"Thriller",914
2015,"War",128
2015,"Western",25
2016,"Action",1120
2016,"Adult",189
2016,"Adventure",714
2016,"Animation",377
2016,"Biography",499
2016,"Comedy",2626
2016,"Crime",678
2016,"Documentary",2905
2016,"Drama",3819
2016,"Family",497
2016,"Fantasy",404
2016,"Game-Show",3
2016,"History",381
2016,"Horror",1007
2016,"Music",950
2016,"Musical",131
2016,"Mystery",426
2016,"News",54
2016,"Reality-TV",26
2016,"Romance",959
2016,"Sci-Fi",353
2016,"Short",1236
2016,"Sport",256
2016,"Talk-Show",28
2016,"Thriller",949
2016,"War",114
2016,"Western",34
2017,"Action",1133
2017,"Adult",101
2017,"Adventure",707
2017,"Animation",426
2017,"Biography",466
2017,"Comedy",2581
2017,"Crime",668
2017,"Documentary",3010
2017,"Drama",3904
2017,"Family",497
2017,"Fantasy",396
2017,"Game-Show",5
2017,"History",363
2017,"Horror",1003
2017,"Music",1201
2017,"Musical",134
2017,"Mystery",447
2017,"News",82
2017,"Reality-TV",25
2017,"Romance",915
2017,"Sci-Fi",388
2017,"Short",1370
2017,"Sport",251
2017,"Talk-Show",32
2017,"Thriller",975
2017,"War",124
2017,"Western",37
2018,"Action",1010
2018,"Adult",52
2018,"Adventure",649
2018,"Animation",375
2018,"Biography",381
2018,"Comedy",2550
2018,"Crime",636
2018,"Documentary",2771
2018,"Drama",3849
2018,"Family",472
2018,"Fantasy",404
2018,"Game-Show",9
2018,"History",338
2018,"Horror",981
2018,"Music",1287
2018,"Musical",112
2018,"Mystery",415
2018,"News",73
2018,"Reality-TV",28
2018,"Romance",889
2018,"Sci-Fi",332
2018,"Short",1413
2018,"Sport",254
2018,"Talk-Show",25
2018,"Thriller",1031
2018,"War",100
2018,"Western",39
2019,"Action",989
2019,"Adult",17
2019,"Adventure",584
2019,"Animation",387
2019,"Biography",372
2019,"Comedy",2243
2019,"Crime",637
2019,"Documentary",2500
2019,"Drama",3671
2019,"Family",401
2019,"Fantasy",333
2019,"Game-Show",2
2019,"History",290
2019,"Horror",891
2019,"Music",1290
2019,"Musical",107
2019,"Mystery",395
2019,"News",34
2019,"Reality-TV",35
2019,"Romance",811
2019,"Sci-Fi",274
2019,"Short",1217
2019,"Sport",204
2019,"Talk-Show",16
2019,"Thriller",971
2019,"War",107
2019,"Western",32
2020,"Action",563
2020,"Adult",5
2020,"Adventure",384
2020,"Animation",231
2020,"Biography",217
2020,"Comedy",1426
2020,"Crime",363
2020,"Documentary",1645
2020,"Drama",2116
2020,"Family",266
2020,"Fantasy",248
2020,"Game-Show",5
2020,"History",153
2020,"Horror",641
2020,"Music",781
2020,"Musical",83
2020,"Mystery",205
2020,"News",18
2020,"Reality-TV",25
2020,"Romance",533
2020,"Sci-Fi",198
2020,"Short",676
2020,"Sport",137
2020,"Talk-Show",18
2020,"Thriller",661
2020,"War",60
2020,"Western",17
2021,"Action",87
2021,"Adventure",49
2021,"Animation",26
2021,"Biography",47
2021,"Comedy",184
2021,"Crime",70
2021,"Documentary",226
2021,"Drama",316
2021,"Family",28
2021,"Fantasy",21
2021,"History",20
2021,"Horror",77
2021,"Music",71
2021,"Musical",10
2021,"Mystery",20
2021,"News",3
2021,"Reality-TV",4
2021,"Romance",95
2021,"Sci-Fi",31
2021,"Short",53
2021,"Sport",21
2021,"Talk-Show",1
2021,"Thriller",128
2021,"War",6
2021,"Western",4
